entity,isRelevant,kind,searchTerm,banDate,sources,reason,reason2,reasonComment,isTemporary,platform,gid,article,qid,descriptions,politician,media_personality,internet_personality,fringe_movements,bgid
Alex Jones,TRUE,Person,Alex Jones,2018-08-06,https://www.vox.com/2018/8/6/17655658/alex-jones-facebook-youtube-conspiracy-theories,Hate/Harassment/Incitement to Violence,HH,Hate/Harassment/Incitement to Violence,FALSE,facebook,/m/01_6j_,https://en.wikipedia.org/wiki/Alex_Jones,Q319121,Alexander Emerick Jones is an American far-right radio show host and highly prominent conspiracy theorist,FALSE,TRUE,TRUE,TRUE,1
Alex Jones,TRUE,Person,Alex Jones,2018-08-06,https://www.vox.com/2018/8/6/17655658/alex-jones-facebook-youtube-conspiracy-theories,Hate/Harassment/Incitement to Violence,HH,Hate/Harassment/Incitement to Violence,FALSE,youtube,/m/01_6j_,https://en.wikipedia.org/wiki/Alex_Jones,Q319121,Alexander Emerick Jones is an American far-right radio show host and highly prominent conspiracy theorist,FALSE,TRUE,TRUE,TRUE,1
Alex Jones,TRUE,Person,Alex Jones,2018-08-06,https://www.vox.com/2018/8/6/17655658/alex-jones-facebook-youtube-conspiracy-theories,Hate/Harassment/Incitement to Violence,HH,Hate/Harassment/Incitement to Violence,FALSE,instagram,/m/01_6j_,https://en.wikipedia.org/wiki/Alex_Jones,Q319121,Alexander Emerick Jones is an American far-right radio show host and highly prominent conspiracy theorist,FALSE,TRUE,TRUE,TRUE,1
Alex Jones,TRUE,Person,Alex Jones,2018-09-06,https://www.bbc.com/news/world-us-canada-45442417,Hate/Harassment/Incitement to Violence,HH,Hate/Harassment/Incitement to Violence,FALSE,twitter,/m/01_6j_,https://en.wikipedia.org/wiki/Alex_Jones,Q319121,Alexander Emerick Jones is an American far-right radio show host and highly prominent conspiracy theorist,FALSE,TRUE,TRUE,TRUE,2
Alex Jones,TRUE,Person,Alex Jones,2019-05-02,https://www.wired.com/story/facebook-bans-alex-jones-extremists/,Hate/Harassment/Incitement to Violence,HH,Hate/Harassment/Incitement to Violence,FALSE,facebook,/m/01_6j_,https://en.wikipedia.org/wiki/Alex_Jones,Q319121,Alexander Emerick Jones is an American far-right radio show host and highly prominent conspiracy theorist,FALSE,TRUE,TRUE,TRUE,3
Alex Jones,TRUE,Person,Alex Jones,2019-05-02,https://www.wired.com/story/facebook-bans-alex-jones-extremists/,Hate/Harassment/Incitement to Violence,HH,Hate/Harassment/Incitement to Violence,FALSE,instagram,/m/01_6j_,https://en.wikipedia.org/wiki/Alex_Jones,Q319121,Alexander Emerick Jones is an American far-right radio show host and highly prominent conspiracy theorist,FALSE,TRUE,TRUE,TRUE,3
Ali Alexander,TRUE,Person,Ali Alexander,2021-01-10,https://www.thedailybeast.com/stop-the-steal-organizer-in-hiding-after-denying-blame-for-riot,Hate/Harassment/Incitement to Violence,IV,Hate/Harassment/Incitement to Violence,FALSE,twitter,/g/11hz8lt593,https://en.wikipedia.org/wiki/Ali_Alexander,Q102973819,"Ali Alexander is an American far-right activist, social media personality, and conspiracy theorist",FALSE,FALSE,TRUE,TRUE,4
Amanda Chase,TRUE,Person,Amanda Chase,2021-01-08,https://www.virginiabusiness.com/article/facebook-removes-amanda-chases-senate-page/?__cf_chl_managed_tk__=pmd_yLPEJmWA9gZkjCB3RcBl0ovtNf_a0fwPPKFTRAHX13E-1634219001-0-gqNtZGzNA1CjcnBszQkR,Hate/Harassment/Incitement to Violence,IV,Hate/Harassment/Incitement to Violence,FALSE,facebook,/g/11bwn37nzq,https://en.wikipedia.org/wiki/Amanda_Chase,Q22003617,Amanda Chase is an American politician,TRUE,FALSE,FALSE,FALSE,6
Andy Ngo,TRUE,Person,Andy Ngo,2019-11-25,https://www.washingtontimes.com/news/2019/nov/25/andy-ngo-suspended-twitter/,Hate/Harassment/Incitement to Violence,HH,Hate/Harassment/Incitement to Violence,TRUE,twitter,/g/11hz1hlsk8,https://en.wikipedia.org/wiki/Andy_Ngo,Q64929797,"Andy Cuong Ngo is an American conservative journalist, author, and social media personality known for covering and video-recording demonstrators",FALSE,TRUE,TRUE,FALSE,7
Anthony Cumia,TRUE,Person,Anthony Cumia,2017-06-12,https://thelaughbutton.com/anthony-cumias-twitter-account-suspended-allegedly-following-fight-v-club-writer,Hate/Harassment/Incitement to Violence,HH,Hate/Harassment/Incitement to Violence,TRUE,twitter,/m/012vxp7j,https://en.wikipedia.org/wiki/Anthony_Cumia,Q19609603,"Anthony Cumia is an American radio personality and broadcaster who is best known as the co-host, with Gregg ""Opie"" Hughes, of the Opie and Anthony radio show, which aired from 1995 to 2014; the show featured comedian Jim Norton beginning in 2001",FALSE,TRUE,FALSE,FALSE,8
Anthony Cumia,TRUE,Person,Anthony Cumia,2017-07-12,https://thelaughbutton.com/anthony-cumias-twitter-account-suspended-allegedly-following-fight-v-club-writer,Hate/Harassment/Incitement to Violence,HH,Hate/Harassment/Incitement to Violence,FALSE,twitter,/m/012vxp7j,https://en.wikipedia.org/wiki/Anthony_Cumia,Q19609603,"Anthony Cumia is an American radio personality and broadcaster who is best known as the co-host, with Gregg ""Opie"" Hughes, of the Opie and Anthony radio show, which aired from 1995 to 2014; the show featured comedian Jim Norton beginning in 2001",FALSE,TRUE,FALSE,FALSE,9
Anthony Cumia,TRUE,Person,Anthony Cumia,2021-07-30,https://www.pastemagazine.com/comedy/anthony-cumia/twitter-permanently-suspends-anthony-cumia/,Hate/Harassment/Incitement to Violence,HH,Hate/Harassment/Incitement to Violence,FALSE,twitter,/m/012vxp7j,https://en.wikipedia.org/wiki/Anthony_Cumia,Q19609603,"Anthony Cumia is an American radio personality and broadcaster who is best known as the co-host, with Gregg ""Opie"" Hughes, of the Opie and Anthony radio show, which aired from 1995 to 2014; the show featured comedian Jim Norton beginning in 2001",FALSE,TRUE,FALSE,FALSE,10
Armin Navabi,TRUE,Person,Armin Navabi,2020-11-13,https://twitter.com/atheistrepublic/status/1327128826250489857?lang=en,Hate/Harassment/Incitement to Violence,HH,Hate/Harassment/Incitement to Violence,FALSE,twitter,/g/11gdkr6_pf,https://en.wikipedia.org/wiki/Armin_Navabi,Q43867020,"Armin Navabi is an Iranian Canadian ex-Muslim atheist activist, author and podcaster, currently living in Vancouver, Canada",FALSE,FALSE,TRUE,FALSE,11
Azealia Banks,TRUE,Person,Azealia Banks,2016-05-12,https://www.theguardian.com/music/2016/may/12/azealia-banks-suspended-twitter-racist-rant-zayn-malik,Hate/Harassment/Incitement to Violence,HH,Hate/Harassment/Incitement to Violence,TRUE,twitter,/m/0hnfbjv,https://en.wikipedia.org/wiki/Azealia_Banks,Q271385,"Azealia Amanda Banks is an American rapper, singer, songwriter, and actress",FALSE,FALSE,FALSE,FALSE,14
Azealia Banks,TRUE,Person,Azealia Banks,2017-01-04,https://www.mirror.co.uk/3am/celebrity-news/azealia-banks-banned-facebook-after-9566572,Hate/Harassment/Incitement to Violence,HH,Hate/Harassment/Incitement to Violence,TRUE,facebook,/m/0hnfbjv,https://en.wikipedia.org/wiki/Azealia_Banks,Q271385,"Azealia Amanda Banks is an American rapper, singer, songwriter, and actress",FALSE,FALSE,FALSE,FALSE,15
Azealia Banks,TRUE,Person,Azealia Banks,2018-06-06,https://www.billboard.com/articles/news/pride/8459619/azealia-banks-twitter-account-deactivated-monet-x-change,Hate/Harassment/Incitement to Violence,HH,Hate/Harassment/Incitement to Violence,TRUE,twitter,/m/0hnfbjv,https://en.wikipedia.org/wiki/Azealia_Banks,Q271385,"Azealia Amanda Banks is an American rapper, singer, songwriter, and actress",FALSE,FALSE,FALSE,FALSE,16
Azealia Banks,TRUE,Person,Azealia Banks,2020-10-14,https://www.digitalmusicnews.com/2020/10/14/azealia-banks-twitter-suspended/,Hate/Harassment/Incitement to Violence,HH,Hate/Harassment/Incitement to Violence,TRUE,twitter,/m/0hnfbjv,https://en.wikipedia.org/wiki/Azealia_Banks,Q271385,"Azealia Amanda Banks is an American rapper, singer, songwriter, and actress",FALSE,FALSE,FALSE,FALSE,17
Baked Alaska,TRUE,Person,Baked Alaska,2017-11-15,https://mashable.com/article/twitter-bans-baked-alaska-alt-right-troll,Hate/Harassment/Incitement to Violence,HH,Hate/Harassment/Incitement to Violence,FALSE,twitter,/g/11f0krpt3c,https://en.wikipedia.org/wiki/Baked_Alaska_(activist),Q38271407,"Anthime Joseph ""Tim"" Gionet , more commonly known as Baked Alaska, is an American neo-Nazi, antisemitic conspiracy theorist, social media personality and former rapper",FALSE,FALSE,TRUE,TRUE,18
Beatrix von Storch,TRUE,Person,Beatrix von Storch,2018-01-02,https://www.politico.eu/article/german-mps-anti-muslim-tweets-spark-account-suspension-outcry/,Hate/Harassment/Incitement to Violence,HH,Hate/Harassment/Incitement to Violence,TRUE,twitter,/m/0127x90h,https://en.wikipedia.org/wiki/Beatrix_von_Storch,Q14924803,Beatrix Amelie Ehrengard Eilika von Storch is a German politician who has been Deputy Leader of the Alternative for Germany since July 2015 and Member of the Bundestag since September 2017,TRUE,FALSE,FALSE,FALSE,19
Ben Garrison,TRUE,Person,Ben Garrison,2019-04-16,https://boundingintocomics.com/2019/04/16/conservative-cartoonist-ben-garrison-banned-from-instagram/,Hate/Harassment/Incitement to Violence,HH,Hate/Harassment/Incitement to Violence,TRUE,instagram,/g/11dxdyy7_b,https://en.wikipedia.org/wiki/Ben_Garrison,Q28924895,Benjamin Garrison is an American alt-right political cartoonist and artist,FALSE,FALSE,FALSE,TRUE,20
Ben Garrison,TRUE,Person,Ben Garrison,2021-01-08,https://twitter.com/willsommer/status/1347672305825173504?lang=en,Hate/Harassment/Incitement to Violence,HH,Hate/Harassment/Incitement to Violence,TRUE,twitter,/g/11dxdyy7_b,https://en.wikipedia.org/wiki/Ben_Garrison,Q28924895,Benjamin Garrison is an American alt-right political cartoonist and artist,FALSE,FALSE,FALSE,TRUE,21
Benny Johnson,TRUE,Person,Benny Johnson,2020-06-02,https://www.newsmax.com/newsfront/twitter-benny-johnson-matt-gaetz/2020/06/02/id/970095/,Hate/Harassment/Incitement to Violence,IV,Hate/Harassment/Incitement to Violence,TRUE,twitter,/m/011c0t0f,https://en.wikipedia.org/wiki/Benny_Johnson_(columnist),Q30602441,"Beneful Johnson is an American political columnist, currently serving as chief creative officer at conservative organization Turning Point USA",FALSE,FALSE,FALSE,FALSE,22
Betzalel Smotrich,TRUE,Person,Betzalel Smotrich,2018-04-24,https://www.timesofisrael.com/twitter-suspends-mk-who-said-palestinian-teen-deserved-a-bullet-in-the-kneecap/,Hate/Harassment/Incitement to Violence,IV,Hate/Harassment/Incitement to Violence,TRUE,twitter,/m/0130rl5j,https://en.wikipedia.org/wiki/Bezalel_Smotrich,Q18759744,Bezalel Yoel Smotrich is an Israeli lawyer and politician,TRUE,FALSE,FALSE,FALSE,23
Briscoe Cain,TRUE,Person,Briscoe Cain,2019-09-13,https://thehill.com/homenews/campaign/461267-twitter-takes-down-texas-gop-lawmakers-ar-tweet-about-orourke,Hate/Harassment/Incitement to Violence,IV,Hate/Harassment/Incitement to Violence,TRUE,twitter,/g/11c2r12f1q,https://en.wikipedia.org/wiki/Briscoe_Cain,Q28314483,Briscoe Cain III is an American attorney and Republican member of the Texas House of Representatives for District 128,TRUE,FALSE,FALSE,FALSE,25
Candace Owens,TRUE,Person,Candace Owens,2019-05-18,https://thehill.com/policy/technology/444421-facebook-temporarily-suspended-conservative-commentator-candace-owens,Hate/Harassment/Incitement to Violence,HH,Hate/Harassment/Incitement to Violence,TRUE,facebook,/g/11f_xjg0xz,https://en.wikipedia.org/wiki/Candace_Owens,Q43302090,"Candace Amber Owens Farmer is an American conservative author, talk show host, political commentator, and activist",FALSE,TRUE,FALSE,FALSE,26
Carl Benjamin,TRUE,Person,Carl Benjamin,2019-04-10,https://www.buzzfeed.com/markdistefano/youtube-says-sargon-of-akkad-has-been-suspended-from-being,Hate/Harassment/Incitement to Violence,IV,Hate/Harassment/Incitement to Violence,FALSE,twitter,/g/11cn9k9gfh,https://en.wikipedia.org/wiki/Carl_Benjamin,Q28924867,"Carl Benjamin , also known by his online pseudonym Sargon of Akkad, is a British anti-feminist YouTuber and political commentator",FALSE,FALSE,TRUE,FALSE,29
David Clarke,TRUE,Person,David Clarke,2018-01-02,https://eu.jsonline.com/story/news/investigations/daniel-bice/2018/01/02/former-sheriff-david-clarke-temporarily-blocked-twitter-after-after-he-called-media-taste-their-own/997146001/,Hate/Harassment/Incitement to Violence,IV,Hate/Harassment/Incitement to Violence,TRUE,twitter,/m/0_yglzq,https://en.wikipedia.org/wiki/David_Clarke_(sheriff),Q16187016,"David Alexander Clarke is an American former law enforcement official who served as Sheriff of Milwaukee County, Wisconsin, from 2002 to 2017",FALSE,FALSE,FALSE,FALSE,33
David Duke,TRUE,Person,David Duke,2017-03-06,http://rss.cnn.com/~r/rss/money_topstories/~3/3qzViYdKP4o/index.html,Hate/Harassment/Incitement to Violence,HH,Hate/Harassment/Incitement to Violence,FALSE,twitter,/m/02bpjk,https://en.wikipedia.org/wiki/David_Duke,Q163042,"David Ernest Duke is an American neo-Nazi, antisemitic conspiracy theorist, far-right politician, convicted felon, and former grand wizard of the Knights of the Ku Klux Klan",TRUE,FALSE,FALSE,TRUE,34
David Duke,TRUE,Person,David Duke,2020-06-30,https://www.independent.co.uk/life-style/gadgets-and-tech/news/youtube-david-duke-richard-spencer-stefan-molyneux-removed-a9593051.html,Hate/Harassment/Incitement to Violence,HH,Hate/Harassment/Incitement to Violence,FALSE,youtube,/m/02bpjk,https://en.wikipedia.org/wiki/David_Duke,Q163042,"David Ernest Duke is an American neo-Nazi, antisemitic conspiracy theorist, far-right politician, convicted felon, and former grand wizard of the Knights of the Ku Klux Klan",TRUE,FALSE,FALSE,TRUE,35
David Duke,TRUE,Person,David Duke,2020-07-31,https://www.bbc.com/news/technology-53608106,Hate/Harassment/Incitement to Violence,HH,Hate/Harassment/Incitement to Violence,FALSE,twitter,/m/02bpjk,https://en.wikipedia.org/wiki/David_Duke,Q163042,"David Ernest Duke is an American neo-Nazi, antisemitic conspiracy theorist, far-right politician, convicted felon, and former grand wizard of the Knights of the Ku Klux Klan",TRUE,FALSE,FALSE,TRUE,36
Dieudonne,TRUE,Person,Dieudonne,2020-06-30,https://www.timesofisrael.com/youtube-removes-25000-pages-for-hate-speech/,Hate/Harassment/Incitement to Violence,HH,Hate/Harassment/Incitement to Violence,FALSE,youtube,/m/09clhm,https://en.wikipedia.org/wiki/Dieudonn%C3%A9_M%27bala_M%27bala,Q689494,"Dieudonné M'bala M'bala , generally known by his stage name Dieudonné , is a French comedian, actor and political activist",FALSE,FALSE,FALSE,FALSE,38
Dieudonne,TRUE,Person,Dieudonne,2020-08-03,https://www.aljazeera.com/news/2020/8/3/facebook-bans-french-comedian-dieudonne-for-anti-semitism,Hate/Harassment/Incitement to Violence,HH,Hate/Harassment/Incitement to Violence,FALSE,facebook,/m/09clhm,https://en.wikipedia.org/wiki/Dieudonn%C3%A9_M%27bala_M%27bala,Q689494,"Dieudonné M'bala M'bala , generally known by his stage name Dieudonné , is a French comedian, actor and political activist",FALSE,FALSE,FALSE,FALSE,39
Dieudonne,TRUE,Person,Dieudonne,2020-08-03,https://www.aljazeera.com/news/2020/8/3/facebook-bans-french-comedian-dieudonne-for-anti-semitism,Hate/Harassment/Incitement to Violence,HH,Hate/Harassment/Incitement to Violence,FALSE,instagram,/m/09clhm,https://en.wikipedia.org/wiki/Dieudonn%C3%A9_M%27bala_M%27bala,Q689494,"Dieudonné M'bala M'bala , generally known by his stage name Dieudonné , is a French comedian, actor and political activist",FALSE,FALSE,FALSE,FALSE,39
Donald Trump,TRUE,Person,Donald Trump,2021-01-06,https://www.axios.com/platforms-social-media-ban-restrict-trump-d9e44f3c-8366-4ba9-a8a1-7f3114f920f1.html,Hate/Harassment/Incitement to Violence,IV,Hate/Harassment/Incitement to Violence,FALSE,youtube,/m/0cqt90,https://en.wikipedia.org/wiki/Donald_Trump,Q22686,"Donald John Trump is an American politician, media personality, and businessman who served as the 45th president of the United States from 2017 to 2021",TRUE,TRUE,FALSE,FALSE,40
Donald Trump,TRUE,Person,Donald Trump,2021-01-07,https://www.timesofisrael.com/banned-from-facebook-and-twitter-trump-launching-own-social-network/,Hate/Harassment/Incitement to Violence,IV,Hate/Harassment/Incitement to Violence,FALSE,facebook,/m/0cqt90,https://en.wikipedia.org/wiki/Donald_Trump,Q22686,"Donald John Trump is an American politician, media personality, and businessman who served as the 45th president of the United States from 2017 to 2021",TRUE,TRUE,FALSE,FALSE,40
Donald Trump,TRUE,Person,Donald Trump,2021-01-07,https://www.timesofisrael.com/banned-from-facebook-and-twitter-trump-launching-own-social-network/,Hate/Harassment/Incitement to Violence,IV,Hate/Harassment/Incitement to Violence,FALSE,instagram,/m/0cqt90,https://en.wikipedia.org/wiki/Donald_Trump,Q22686,"Donald John Trump is an American politician, media personality, and businessman who served as the 45th president of the United States from 2017 to 2021",TRUE,TRUE,FALSE,FALSE,40
Donald Trump,TRUE,Person,Donald Trump,2021-01-09,https://twitter.com/TwitterSafety/status/1347684877634838528,Hate/Harassment/Incitement to Violence,IV,Hate/Harassment/Incitement to Violence,FALSE,twitter,/m/0cqt90,https://en.wikipedia.org/wiki/Donald_Trump,Q22686,"Donald John Trump is an American politician, media personality, and businessman who served as the 45th president of the United States from 2017 to 2021",TRUE,TRUE,FALSE,FALSE,40
Donald Trump,TRUE,Person,Donald Trump,2021-01-12,https://www.theguardian.com/us-news/2021/jan/13/youtube-suspends-trump-channel-from-uploading-new-content-for-seven-days,Hate/Harassment/Incitement to Violence,IV,Hate/Harassment/Incitement to Violence,FALSE,youtube,/m/0cqt90,https://en.wikipedia.org/wiki/Donald_Trump,Q22686,"Donald John Trump is an American politician, media personality, and businessman who served as the 45th president of the United States from 2017 to 2021",TRUE,TRUE,FALSE,FALSE,40
Faith Goldy,TRUE,Person,Faith Goldy,2019-04-08,https://www.cbc.ca/news/politics/facebook-faith-goldy-ban-alt-right-1.5088827,Hate/Harassment/Incitement to Violence,HH,Hate/Harassment/Incitement to Violence,FALSE,facebook,/g/11dybhbbhr,https://en.wikipedia.org/wiki/Faith_Goldy,Q29555907,"Faith Julia Goldy , also known as Faith Goldy-Bazos, is a Canadian far-right, white nationalist political commentator, associated with the alt-right and white supremacy",FALSE,FALSE,FALSE,TRUE,42
Faith Goldy,TRUE,Person,Faith Goldy,2019-04-08,https://www.cbc.ca/news/politics/facebook-faith-goldy-ban-alt-right-1.5088827,Hate/Harassment/Incitement to Violence,HH,Hate/Harassment/Incitement to Violence,FALSE,instagram,/g/11dybhbbhr,https://en.wikipedia.org/wiki/Faith_Goldy,Q29555907,"Faith Julia Goldy , also known as Faith Goldy-Bazos, is a Canadian far-right, white nationalist political commentator, associated with the alt-right and white supremacy",FALSE,FALSE,FALSE,TRUE,42
Gad Saad,TRUE,Person,Gad Saad,2021-03-11,https://www.israelnationalnews.com/News/News.aspx/306078,Hate/Harassment/Incitement to Violence,HH,Hate/Harassment/Incitement to Violence,TRUE,facebook,/m/02qn6km,https://en.wikipedia.org/wiki/Gad_Saad,Q5516266,Gad Saad is a Lebanese-born Canadian evolutionary psychologist and professor in the John Molson School of Business at Concordia University who is known for applying evolutionary psychology to marketing and consumer behaviour,FALSE,FALSE,FALSE,FALSE,44
Gavin McInnes,TRUE,Person,Gavin McInnes,2018-06-24,https://www.salon.com/2020/06/24/youtube-suspends-account-of-proud-boys-founder-gavin-mcinnes/,Hate/Harassment/Incitement to Violence,HH,Hate/Harassment/Incitement to Violence,FALSE,youtube,/m/0c7hyn,https://en.wikipedia.org/wiki/Gavin_McInnes,Q5528217,"Gavin Miles McInnes is a Canadian writer, podcaster and far-right political commentator",FALSE,FALSE,TRUE,TRUE,45
Gavin McInnes,TRUE,Person,Gavin McInnes,2018-08-10,https://variety.com/2018/digital/news/twitter-shuts-down-accounts-of-vice-co-founder-gavin-mcinnes-proud-boys-ahead-of-unite-the-right-rally-1202902397/,Hate/Harassment/Incitement to Violence,IV,Hate/Harassment/Incitement to Violence,FALSE,twitter,/m/0c7hyn,https://en.wikipedia.org/wiki/Gavin_McInnes,Q5528217,"Gavin Miles McInnes is a Canadian writer, podcaster and far-right political commentator",FALSE,FALSE,TRUE,TRUE,46
Gavin McInnes,TRUE,Person,Gavin McInnes,2018-10-30,https://www.buzzfeednews.com/article/briannasacks/facebook-bans-proud-boys,Hate/Harassment/Incitement to Violence,IV,Hate/Harassment/Incitement to Violence,FALSE,facebook,/m/0c7hyn,https://en.wikipedia.org/wiki/Gavin_McInnes,Q5528217,"Gavin Miles McInnes is a Canadian writer, podcaster and far-right political commentator",FALSE,FALSE,TRUE,TRUE,47
Gavin McInnes,TRUE,Person,Gavin McInnes,2018-10-30,https://www.buzzfeednews.com/article/briannasacks/facebook-bans-proud-boys,Hate/Harassment/Incitement to Violence,IV,Hate/Harassment/Incitement to Violence,FALSE,instagram,/m/0c7hyn,https://en.wikipedia.org/wiki/Gavin_McInnes,Q5528217,"Gavin Miles McInnes is a Canadian writer, podcaster and far-right political commentator",FALSE,FALSE,TRUE,TRUE,47
Geert Wilders,TRUE,Person,Geert Wilders,2019-05-31,https://www.dw.com/en/dutch-populist-geert-wilders-blocked-by-twitter/a-48989709,Hate/Harassment/Incitement to Violence,HH,Hate/Harassment/Incitement to Violence,TRUE,twitter,/m/04g0k_,https://en.wikipedia.org/wiki/Geert_Wilders,Q105338,Geert Wilders is a Dutch businessman and politician,TRUE,FALSE,FALSE,FALSE,48
Gemma O'Doherty,TRUE,Person,Gemma O'Doherty,2019-06-16,https://www.irishtimes.com/news/ireland/irish-news/youtube-terminates-gemma-o-doherty-s-account-over-breach-of-hate-speech-policy-1.3958500,Hate/Harassment/Incitement to Violence,HH,Hate/Harassment/Incitement to Violence,FALSE,youtube,/m/0102q8s2,https://en.wikipedia.org/wiki/Gemma_O%27Doherty,Q16209971,Gemma O'Doherty is an Irish far-right activist and conspiracy theorist,FALSE,FALSE,FALSE,TRUE,49
Gemma O'Doherty,TRUE,Person,Gemma O'Doherty,2020-07-31,https://www.thejournal.ie/gemma-odoherty-twitter-5165384-Jul2020/,Hate/Harassment/Incitement to Violence,HH,Hate/Harassment/Incitement to Violence,FALSE,twitter,/m/0102q8s2,https://en.wikipedia.org/wiki/Gemma_O%27Doherty,Q16209971,Gemma O'Doherty is an Irish far-right activist and conspiracy theorist,FALSE,FALSE,FALSE,TRUE,50
Graham Linehan,TRUE,Person,Graham Linehan,2020-06-27,https://www.theguardian.com/culture/2020/jun/27/twitter-closes-graham-linehan-account-after-trans-comment,Hate/Harassment/Incitement to Violence,HH,Hate/Harassment/Incitement to Violence,FALSE,twitter,/m/02yl1l,https://en.wikipedia.org/wiki/Graham_Linehan,Q947387,Graham Linehan  is an Irish television writer and anti-transgender activist.,FALSE,TRUE,FALSE,FALSE,51
Hafiz Saeed,TRUE,Person,Hafiz Saeed,2016-07-14,https://economictimes.indiatimes.com/news/politics-and-nation/the-official-twitter-account-of-hafiz-saeed-suspended/articleshow/53207063.cms?from=mdr,Hate/Harassment/Incitement to Violence,IV,Hate/Harassment/Incitement to Violence,FALSE,twitter,/m/0dyrbr,https://en.wikipedia.org/wiki/Hafiz_Saeed,Q2735272,"Hafiz Muhammad Saeed is a Pakistani wanted terrorist, who is a co-founder of Lashkar-e-Taiba and the chief of Jama'at-ud-Da'wah , operating mainly from Pakistan",FALSE,FALSE,FALSE,TRUE,53
James Allsup,TRUE,Person,James Allsup,2017-12-26,https://www.spokesman.com/stories/2017/dec/26/twitter-suspends-james-allsup-wsu-student-and-far-/,Hate/Harassment/Incitement to Violence,HH,Hate/Harassment/Incitement to Violence,FALSE,twitter,/g/11f06n0zht,https://en.wikipedia.org/wiki/James_Allsup,Q37822250,"James Orien Allsup is an American Alt-right political commentator, podcaster, and former YouTube personality",FALSE,FALSE,TRUE,TRUE,57
James Allsup,TRUE,Person,James Allsup,2019-08-21,https://www.kxly.com/facebook-instagram-delete-controversial-figure-james-allsups-accounts/,Hate/Harassment/Incitement to Violence,HH,Hate/Harassment/Incitement to Violence,FALSE,facebook,/g/11f06n0zht,https://en.wikipedia.org/wiki/James_Allsup,Q37822250,"James Orien Allsup is an American Alt-right political commentator, podcaster, and former YouTube personality",FALSE,FALSE,TRUE,TRUE,58
James Allsup,TRUE,Person,James Allsup,2019-08-21,https://www.kxly.com/facebook-instagram-delete-controversial-figure-james-allsups-accounts/,Hate/Harassment/Incitement to Violence,HH,Hate/Harassment/Incitement to Violence,FALSE,instagram,/g/11f06n0zht,https://en.wikipedia.org/wiki/James_Allsup,Q37822250,"James Orien Allsup is an American Alt-right political commentator, podcaster, and former YouTube personality",FALSE,FALSE,TRUE,TRUE,58
James Allsup,TRUE,Person,James Allsup,2019-08-27,https://www.rightwingwatch.org/post/youtube-shutters-several-white-nationalist-accounts/,Hate/Harassment/Incitement to Violence,HH,Hate/Harassment/Incitement to Violence,FALSE,youtube,/g/11f06n0zht,https://en.wikipedia.org/wiki/James_Allsup,Q37822250,"James Orien Allsup is an American Alt-right political commentator, podcaster, and former YouTube personality",FALSE,FALSE,TRUE,TRUE,58
Jayda Fransen,TRUE,Person,Jayda Fransen,2017-12-18,https://www.independent.co.uk/news/uk/home-news/jayda-fransen-britain-first-twitter-suspend-donald-trump-retweet-deputy-leader-a8116831.html,Hate/Harassment/Incitement to Violence,HH,Hate/Harassment/Incitement to Violence,FALSE,twitter,/g/11c5_b82l1,https://en.wikipedia.org/wiki/Jayda_Fransen,Q28043201,Jayda Kaleigh Fransen is a British far-right activist and politician who was convicted of religiously aggravated harassment in 2018,TRUE,FALSE,FALSE,TRUE,62
Jayda Fransen,TRUE,Person,Jayda Fransen,2019-04-18,https://www.buzzfeed.com/markdistefano/mail-online-far-right-jayda-fransen,Hate/Harassment/Incitement to Violence,HH,Hate/Harassment/Incitement to Violence,FALSE,instagram,/g/11c5_b82l1,https://en.wikipedia.org/wiki/Jayda_Fransen,Q28043201,Jayda Kaleigh Fransen is a British far-right activist and politician who was convicted of religiously aggravated harassment in 2018,TRUE,FALSE,FALSE,TRUE,63
Jayda Fransen,TRUE,Person,Jayda Fransen,2019-04-18,https://www.buzzfeed.com/markdistefano/mail-online-far-right-jayda-fransen,Hate/Harassment/Incitement to Violence,HH,Hate/Harassment/Incitement to Violence,FALSE,facebook,/g/11c5_b82l1,https://en.wikipedia.org/wiki/Jayda_Fransen,Q28043201,Jayda Kaleigh Fransen is a British far-right activist and politician who was convicted of religiously aggravated harassment in 2018,TRUE,FALSE,FALSE,TRUE,63
Joey Gibson,TRUE,Person,Joey Gibson,2020-09-04,https://www.columbian.com/news/2020/sep/04/patriot-prayers-facebook-instagram-accounts-removed/,Hate/Harassment/Incitement to Violence,IV,Hate/Harassment/Incitement to Violence,FALSE,facebook,/g/11f_rx3vkd,https://en.wikipedia.org/wiki/Joey_Gibson_(political_activist),Q43378375,"Joseph Owan Gibson is an American right-wing activist and the founder of the far-right group Patriot Prayer which has organized protests in Portland, Oregon, and other cities, primarily within the Pacific Northwest",FALSE,FALSE,FALSE,TRUE,66
Joey Gibson,TRUE,Person,Joey Gibson,2020-09-04,https://www.columbian.com/news/2020/sep/04/patriot-prayers-facebook-instagram-accounts-removed/,Hate/Harassment/Incitement to Violence,IV,Hate/Harassment/Incitement to Violence,FALSE,instagram,/g/11f_rx3vkd,https://en.wikipedia.org/wiki/Joey_Gibson_(political_activist),Q43378375,"Joseph Owan Gibson is an American right-wing activist and the founder of the far-right group Patriot Prayer which has organized protests in Portland, Oregon, and other cities, primarily within the Pacific Northwest",FALSE,FALSE,FALSE,TRUE,66
Kamaal R. Khan,TRUE,Person,Kamaal R. Khan,2017-10-19,https://www.timesnownews.com/entertainment/article/twitter-suspends-kamaal-r-khan-account-for-his-attack-on-aamir-khan-secret-superstar-krk/109505,Hate/Harassment/Incitement to Violence,HH,Hate/Harassment/Incitement to Violence,FALSE,twitter,/m/080btk5,https://en.wikipedia.org/wiki/Kamaal_R._Khan,Q6355199,"Kamaal Rashid Khan is an Indian film actor, producer and writer",FALSE,FALSE,FALSE,FALSE,69
Katie Hopkins,TRUE,Person,Katie Hopkins,2020-01-31,https://www.theweek.co.uk/105467/katie-hopkins-suspended-from-twitter,Hate/Harassment/Incitement to Violence,HH,Hate/Harassment/Incitement to Violence,TRUE,twitter,/m/02r9469,https://en.wikipedia.org/wiki/Katie_Hopkins,Q14185693,"Katie Olivia Hopkins is an English media personality, columnist, far-right political commentator and former businesswoman",FALSE,TRUE,FALSE,TRUE,71
Katie Hopkins,TRUE,Person,Katie Hopkins,2020-06-20,https://news.sky.com/story/katie-hopkins-permanently-suspended-by-twitter-for-breaking-abuse-and-hate-rules-12010577,Hate/Harassment/Incitement to Violence,HH,Hate/Harassment/Incitement to Violence,FALSE,twitter,/m/02r9469,https://en.wikipedia.org/wiki/Katie_Hopkins,Q14185693,"Katie Olivia Hopkins is an English media personality, columnist, far-right political commentator and former businesswoman",FALSE,TRUE,FALSE,TRUE,72
Kris Paronto,TRUE,Person,Kris Paronto,2018-09-10,https://www.dailydot.com/debug/benghazi-survivor-suspended-twitter/,Hate/Harassment/Incitement to Violence,IV,Hate/Harassment/Incitement to Violence,FALSE,twitter,/g/11fy_qpdp_,https://en.wikipedia.org/wiki/Kris_Paronto,Q41693459,"Kristian Joaquin ""Tanto"" Paronto is an American author, businessman, and former us army ranger and cia security contractor",FALSE,FALSE,FALSE,FALSE,75
Laura Loomer,TRUE,Person,Laura Loomer,2018-11-22,https://www.nbcnews.com/tech/security/laura-loomer-banned-twitter-after-criticizing-ilhan-omar-n939256,Hate/Harassment/Incitement to Violence,HH,Hate/Harassment/Incitement to Violence,FALSE,twitter,/g/11d_23cdgz,https://en.wikipedia.org/wiki/Laura_Loomer,Q30322608,"Laura Elizabeth Loomer is an American far-right and anti-Muslim political activist, conspiracy theorist, and internet personality",FALSE,FALSE,TRUE,TRUE,77
Laura Loomer,TRUE,Person,Laura Loomer,2019-05-02,https://www.theatlantic.com/technology/archive/2019/05/instagram-and-facebook-ban-far-right-extremists/588607/,Hate/Harassment/Incitement to Violence,HH,Hate/Harassment/Incitement to Violence,FALSE,instagram,/g/11d_23cdgz,https://en.wikipedia.org/wiki/Laura_Loomer,Q30322608,"Laura Elizabeth Loomer is an American far-right and anti-Muslim political activist, conspiracy theorist, and internet personality",FALSE,FALSE,TRUE,TRUE,78
Laura Loomer,TRUE,Person,Laura Loomer,2019-05-02,https://www.theatlantic.com/technology/archive/2019/05/instagram-and-facebook-ban-far-right-extremists/588607/,Hate/Harassment/Incitement to Violence,HH,Hate/Harassment/Incitement to Violence,FALSE,facebook,/g/11d_23cdgz,https://en.wikipedia.org/wiki/Laura_Loomer,Q30322608,"Laura Elizabeth Loomer is an American far-right and anti-Muslim political activist, conspiracy theorist, and internet personality",FALSE,FALSE,TRUE,TRUE,78
Lindsay Shepherd,TRUE,Person,Lindsay Shepherd,2019-07-14,https://nationalpost.com/news/free-speech-activist-lindsay-shepherd-on-her-twitter-ban-your-instincts-should-not-be-to-celebrate,Hate/Harassment/Incitement to Violence,HH,Hate/Harassment/Incitement to Violence,FALSE,twitter,/g/11g0mg_tws,https://en.wikipedia.org/wiki/Lindsay_Shepherd,Q55081144,"Lindsay Shepherd is a Canadian columnist who became known for her involvement, as a graduate student and teaching assistant, in an academic freedom controversy at Wilfrid Laurier University in Waterloo, Ontario, in 2017",FALSE,FALSE,FALSE,FALSE,81
Louis Farrakhan,TRUE,Person,Louis Farrakhan,2019-05-02,https://www.theatlantic.com/technology/archive/2019/05/instagram-and-facebook-ban-far-right-extremists/588607/,Hate/Harassment/Incitement to Violence,HH,Hate/Harassment/Incitement to Violence,FALSE,facebook,/m/01449w,https://en.wikipedia.org/wiki/Louis_Farrakhan,Q49075,Louis Farrakhan is an American religious leader and political activist who heads the Nation of Islam,FALSE,FALSE,FALSE,FALSE,82
Louis Farrakhan,TRUE,Person,Louis Farrakhan,2019-05-02,https://www.theatlantic.com/technology/archive/2019/05/instagram-and-facebook-ban-far-right-extremists/588607/,Hate/Harassment/Incitement to Violence,HH,Hate/Harassment/Incitement to Violence,FALSE,instagram,/m/01449w,https://en.wikipedia.org/wiki/Louis_Farrakhan,Q49075,Louis Farrakhan is an American religious leader and political activist who heads the Nation of Islam,FALSE,FALSE,FALSE,FALSE,82
Mark A. Morgan,TRUE,Person,Mark A. Morgan,2020-10-29,https://nypost.com/2020/10/29/cbp-commissioner-mark-morgans-twitter-account-reportedly-suspended/,Hate/Harassment/Incitement to Violence,IV,Hate/Harassment/Incitement to Violence,FALSE,twitter,/g/11csrt6fxd,https://en.wikipedia.org/wiki/Mark_A._Morgan,Q64165761,Mark Morgan is an American law enforcement official who served as the Chief Operating Officer and acting Commissioner of U,FALSE,FALSE,FALSE,FALSE,86
Mark Kern,TRUE,Person,Mark Kern,2016-06-13,https://www.reddit.com/r/Libertarian/comments/4nzbhb/game_developer_mark_kern_banned_on_twitter_for/,Hate/Harassment/Incitement to Violence,HH,Hate/Harassment/Incitement to Violence,FALSE,twitter,/m/03b_2tk,https://en.wikipedia.org/wiki/Mark_Kern,Q6768365,Mark Kern is a Taiwanese-American video game designer best known for being a team lead on the video game World of Warcraft and a founder of Red 5 Studios,FALSE,FALSE,FALSE,FALSE,87
Martin Shkreli,TRUE,Person,Martin Shkreli,2017-01-09,https://www.theguardian.com/us-news/2017/jan/09/martin-shkreli-suspended-from-twitter-for-alleged-harrassment-of-lauren-duca,Hate/Harassment/Incitement to Violence,HH,Hate/Harassment/Incitement to Violence,TRUE,twitter,/m/0hgmzsd,https://en.wikipedia.org/wiki/Martin_Shkreli,Q6776585,Martin Shkreli is an American former hedge fund manager and convicted felon,FALSE,FALSE,FALSE,FALSE,88
Martin Shkreli,TRUE,Person,Martin Shkreli,2017-05-04,"https://www.theverge.com/2017/5/4/15545742/martin-shkreli-twitter-suspended-twitter-new-account#:~:text=Martin%20Shkreli%2C%20who%20was%20temporarily,permanently%20suspended%20from%20the%20service.",Hate/Harassment/Incitement to Violence,HH,Hate/Harassment/Incitement to Violence,FALSE,twitter,/m/0hgmzsd,https://en.wikipedia.org/wiki/Martin_Shkreli,Q6776585,Martin Shkreli is an American former hedge fund manager and convicted felon,FALSE,FALSE,FALSE,FALSE,89
Meghan Murphy,TRUE,Person,Meghan Murphy,2018-11-23,https://www.dhillonlaw.com/lawsuits/meghan-murphy-twitter/,Hate/Harassment/Incitement to Violence,HH,Hate/Harassment/Incitement to Violence,FALSE,twitter,/g/11ght95dgq,https://en.wikipedia.org/wiki/Meghan_Murphy,Q55081088,"Meghan Emily Murphy is a Canadian writer, journalist, and founder of Feminist Current, a feminist website and podcast",FALSE,TRUE,TRUE,FALSE,90
Michael Flynn,TRUE,Person,Michael Flynn,2021-01-08,https://www.nbcnews.com/tech/tech-news/twitter-bans-michael-flynn-sidney-powell-qanon-account-purge-n1253550,Hate/Harassment/Incitement to Violence,IV,Hate/Harassment/Incitement to Violence,FALSE,twitter,/m/09v12g0,https://en.wikipedia.org/wiki/Michael_Flynn,Q6834757,Michael Thomas Flynn is a retired United States Army lieutenant general who was the 25th U,FALSE,FALSE,FALSE,FALSE,91
Milo Yiannopoulos,TRUE,Person,Milo Yiannopoulos,2016-07-19,https://www.theverge.com/2016/7/19/12232738/twitter-bans-milo-yiannopoulos,Hate/Harassment/Incitement to Violence,HH,Hate/Harassment/Incitement to Violence,FALSE,twitter,/m/0crgcgb,https://en.wikipedia.org/wiki/Milo_Yiannopoulos,Q6860370,"Milo Yiannopoulos , who has also published as Milo Andreas Wagner and the mononym Milo, is a British far-right, alt right, and alt-lite political commentator, polemicist, public speaker, and writer",FALSE,FALSE,FALSE,TRUE,93
Milo Yiannopoulos,TRUE,Person,Milo Yiannopoulos,2019-05-02,https://www.theatlantic.com/technology/archive/2019/05/instagram-and-facebook-ban-far-right-extremists/588607/,Hate/Harassment/Incitement to Violence,HH,Hate/Harassment/Incitement to Violence,FALSE,facebook,/m/0crgcgb,https://en.wikipedia.org/wiki/Milo_Yiannopoulos,Q6860370,"Milo Yiannopoulos , who has also published as Milo Andreas Wagner and the mononym Milo, is a British far-right, alt right, and alt-lite political commentator, polemicist, public speaker, and writer",FALSE,FALSE,FALSE,TRUE,94
Milo Yiannopoulos,TRUE,Person,Milo Yiannopoulos,2019-05-02,https://www.theatlantic.com/technology/archive/2019/05/instagram-and-facebook-ban-far-right-extremists/588607/,Hate/Harassment/Incitement to Violence,HH,Hate/Harassment/Incitement to Violence,FALSE,instagram,/m/0crgcgb,https://en.wikipedia.org/wiki/Milo_Yiannopoulos,Q6860370,"Milo Yiannopoulos , who has also published as Milo Andreas Wagner and the mononym Milo, is a British far-right, alt right, and alt-lite political commentator, polemicist, public speaker, and writer",FALSE,FALSE,FALSE,TRUE,94
Milo Yiannopoulos,TRUE,Person,Milo Yiannopoulos,2021-08-27,https://www.reddit.com/r/FreeSpeech/comments/pceif8/milo_was_banned_from_fb_and_twitter_and_has_now/,Hate/Harassment/Incitement to Violence,HH,Hate/Harassment/Incitement to Violence,FALSE,youtube,/m/0crgcgb,https://en.wikipedia.org/wiki/Milo_Yiannopoulos,Q6860370,"Milo Yiannopoulos , who has also published as Milo Andreas Wagner and the mononym Milo, is a British far-right, alt right, and alt-lite political commentator, polemicist, public speaker, and writer",FALSE,FALSE,FALSE,TRUE,95
Mitch McConnell,TRUE,Person,Mitch McConnell,2019-08-08,https://edition.cnn.com/2019/08/08/politics/mcconnell-campaign-suspended-twitter/index.html,Hate/Harassment/Incitement to Violence,IV,Hate/Harassment/Incitement to Violence,TRUE,twitter,/m/01z6ls,https://en.wikipedia.org/wiki/Mitch_McConnell,Q355522,"Addison Mitchell McConnell III is an American politician and retired attorney serving as Senate Minority Leader since 2021 and as the senior United States senator from Kentucky, a seat he has held since 1985",TRUE,FALSE,FALSE,FALSE,96
Mohammad Tawhidi,TRUE,Person,Mohammad Tawhidi,2020-05-23,https://thepostmillennial.com/popular-activist-imam-of-peace-suspended-from-twitter-for-sharing-anti-terrorist-meme,Hate/Harassment/Incitement to Violence,HH,Hate/Harassment/Incitement to Violence,TRUE,twitter,/g/11g8ghj8n4,https://en.wikipedia.org/wiki/Mohammad_Tawhidi,Q30179718,Mohammad Tawhidi is an Australian Shia Muslim influencer and reformist Imam,FALSE,FALSE,TRUE,FALSE,97
Newt Gingrich,TRUE,Person,Newt Gingrich,2021-03-05,https://www.mediaite.com/tv/newt-gingrich-tells-fox-business-maria-bartiromo-that-he-was-suspended-from-twitter-for-tweet-about-illegal-immigrants-and-covid/,Hate/Harassment/Incitement to Violence,HH,Hate/Harassment/Incitement to Violence,TRUE,twitter,/m/018fzs,https://en.wikipedia.org/wiki/Newt_Gingrich,Q182788,Newton Leroy Gingrich is an American politician and author who served as the 50th Speaker of the United States House of Representatives from 1995 to 1999,TRUE,FALSE,FALSE,FALSE,98
Nicholas J. Fuentes,TRUE,Person,Nicholas J. Fuentes,2020-02-14,https://www.dailydot.com/layer8/nick-fuentes-youtube-channel-terminated/,Hate/Harassment/Incitement to Violence,HH,Hate/Harassment/Incitement to Violence,FALSE,youtube,/g/11g0gdk0rr,https://en.wikipedia.org/wiki/Nick_Fuentes,Q51120751,Nicholas Joseph Fuentes is an American far-right and white nationalist political commentator and live streamer,FALSE,FALSE,TRUE,TRUE,99
Nicholas J. Fuentes,TRUE,Person,Nicholas J. Fuentes,2021-07-09,https://www.newsweek.com/nick-fuentes-live-streamer-white-nationalist-suspended-twitter-1608438,Hate/Harassment/Incitement to Violence,HH,Hate/Harassment/Incitement to Violence,FALSE,twitter,/g/11g0gdk0rr,https://en.wikipedia.org/wiki/Nick_Fuentes,Q51120751,Nicholas Joseph Fuentes is an American far-right and white nationalist political commentator and live streamer,FALSE,FALSE,TRUE,TRUE,100
Nnamdi Kanu,TRUE,Person,Nnamdi Kanu,2021-02-04,https://www.bbc.com/news/world-africa-55934277,Hate/Harassment/Incitement to Violence,HH,Hate/Harassment/Incitement to Violence,TRUE,facebook,/g/11bwgw6s5w,https://en.wikipedia.org/wiki/Nnamdi_Kanu,Q21965090,"Nnamdi Okwu Kanu is a Nigerian pro-Biafra political activist, who is also a British citizen",FALSE,FALSE,FALSE,FALSE,102
Owen Benjamin,TRUE,Person,Owen Benjamin,2018-04-09,https://www.adirondackdailyenterprise.com/news/local-news/2018/04/twitter-blocks-owen-benjamin/,Hate/Harassment/Incitement to Violence,HH,Hate/Harassment/Incitement to Violence,FALSE,twitter,/m/026svt5,https://en.wikipedia.org/wiki/Owen_Benjamin,Q7114391,Owen Benjamin Smith is an American alt-right internet personality and former stand-up comedian and actor,FALSE,FALSE,TRUE,TRUE,103
Owen Benjamin,TRUE,Person,Owen Benjamin,2019-12-03,https://www.dailydot.com/layer8/owen-benjamin-youtube/,Hate/Harassment/Incitement to Violence,HH,Hate/Harassment/Incitement to Violence,FALSE,youtube,/m/026svt5,https://en.wikipedia.org/wiki/Owen_Benjamin,Q7114391,Owen Benjamin Smith is an American alt-right internet personality and former stand-up comedian and actor,FALSE,FALSE,TRUE,TRUE,104
Owen Benjamin,TRUE,Person,Owen Benjamin,2019-12-13,https://www.rightwingwatch.org/post/instagram-and-facebook-suspend-right-wing-comedian-owen-benjamin/,Hate/Harassment/Incitement to Violence,HH,Hate/Harassment/Incitement to Violence,FALSE,instagram,/m/026svt5,https://en.wikipedia.org/wiki/Owen_Benjamin,Q7114391,Owen Benjamin Smith is an American alt-right internet personality and former stand-up comedian and actor,FALSE,FALSE,TRUE,TRUE,104
Owen Benjamin,TRUE,Person,Owen Benjamin,2019-12-13,https://www.rightwingwatch.org/post/instagram-and-facebook-suspend-right-wing-comedian-owen-benjamin/,Hate/Harassment/Incitement to Violence,HH,Hate/Harassment/Incitement to Violence,FALSE,facebook,/m/026svt5,https://en.wikipedia.org/wiki/Owen_Benjamin,Q7114391,Owen Benjamin Smith is an American alt-right internet personality and former stand-up comedian and actor,FALSE,FALSE,TRUE,TRUE,104
Patrick Byrne,TRUE,Person,Patrick Byrne,2021-01-12,https://www.sltrib.com/news/politics/2021/01/12/twitter-suspends-account/,Hate/Harassment/Incitement to Violence,IV,Hate/Harassment/Incitement to Violence,FALSE,twitter,/m/09lt82,https://en.wikipedia.org/wiki/Patrick_M._Byrne,Q12859321,Patrick Michael Byrne is an American businessman,FALSE,FALSE,FALSE,FALSE,105
Paul Joseph Watson,TRUE,Person,Paul Joseph Watson,2019-05-02,https://www.theatlantic.com/technology/archive/2019/05/instagram-and-facebook-ban-far-right-extremists/588607/,Hate/Harassment/Incitement to Violence,HH,Hate/Harassment/Incitement to Violence,FALSE,instagram,/g/11ddysw2r5,https://en.wikipedia.org/wiki/Paul_Joseph_Watson,Q28911590,"Paul Joseph Watson is a British right-wing YouTuber, radio host, writer and conspiracy theorist whose views have often been qualified as anti-feminist and politically extremist",FALSE,TRUE,TRUE,TRUE,106
Paul Joseph Watson,TRUE,Person,Paul Joseph Watson,2019-05-02,https://www.theatlantic.com/technology/archive/2019/05/instagram-and-facebook-ban-far-right-extremists/588607/,Hate/Harassment/Incitement to Violence,HH,Hate/Harassment/Incitement to Violence,FALSE,facebook,/g/11ddysw2r5,https://en.wikipedia.org/wiki/Paul_Joseph_Watson,Q28911590,"Paul Joseph Watson is a British right-wing YouTuber, radio host, writer and conspiracy theorist whose views have often been qualified as anti-feminist and politically extremist",FALSE,TRUE,TRUE,TRUE,106
Paul Nehlen,TRUE,Person,Paul Nehlen,2018-01-23,https://infostormer.com/twitter-suspends-paul-nehlen-for-stating-facts-about-jews/,Hate/Harassment/Incitement to Violence,HH,Hate/Harassment/Incitement to Violence,TRUE,twitter,/g/11f3jy5hmw,https://en.wikipedia.org/wiki/Paul_Nehlen,Q46996234,"Paul Nehlen is an American businessman, white supremacist and former Congressional candidate from Wisconsin",FALSE,FALSE,FALSE,TRUE,107
Paul Nehlen,TRUE,Person,Paul Nehlen,2018-02-13,https://www.chicagotribune.com/nation-world/ct-paul-nehlen-meghan-markle-twitter-banned-20180213-story.html,Hate/Harassment/Incitement to Violence,HH,Hate/Harassment/Incitement to Violence,FALSE,twitter,/g/11f3jy5hmw,https://en.wikipedia.org/wiki/Paul_Nehlen,Q46996234,"Paul Nehlen is an American businessman, white supremacist and former Congressional candidate from Wisconsin",FALSE,FALSE,FALSE,TRUE,108
Paul Nehlen,TRUE,Person,Paul Nehlen,2019-05-02,https://www.theatlantic.com/technology/archive/2019/05/instagram-and-facebook-ban-far-right-extremists/588607/,Hate/Harassment/Incitement to Violence,HH,Hate/Harassment/Incitement to Violence,FALSE,instagram,/g/11f3jy5hmw,https://en.wikipedia.org/wiki/Paul_Nehlen,Q46996234,"Paul Nehlen is an American businessman, white supremacist and former Congressional candidate from Wisconsin",FALSE,FALSE,FALSE,TRUE,109
Paul Nehlen,TRUE,Person,Paul Nehlen,2019-05-02,https://www.theatlantic.com/technology/archive/2019/05/instagram-and-facebook-ban-far-right-extremists/588607/,Hate/Harassment/Incitement to Violence,HH,Hate/Harassment/Incitement to Violence,FALSE,facebook,/g/11f3jy5hmw,https://en.wikipedia.org/wiki/Paul_Nehlen,Q46996234,"Paul Nehlen is an American businessman, white supremacist and former Congressional candidate from Wisconsin",FALSE,FALSE,FALSE,TRUE,109
Pauline Hanson,TRUE,Person,Pauline Hanson,2019-08-22,https://www.triplem.com.au/story/pauline-hanson-has-been-banned-from-twitter-146258,Hate/Harassment/Incitement to Violence,IV,Hate/Harassment/Incitement to Violence,TRUE,twitter,/m/0j5pc,https://en.wikipedia.org/wiki/Pauline_Hanson,Q466220,"Pauline Lee Hanson is an Australian politician who is the founder and leader of One Nation, a right-wing populist political party",TRUE,FALSE,FALSE,FALSE,110
Richard B. Spencer,TRUE,Person,Richard B. Spencer,2018-04-16,https://www.bbc.com/news/technology-43784982,Hate/Harassment/Incitement to Violence,HH,Hate/Harassment/Incitement to Violence,FALSE,facebook,/m/0cmd7rf,https://en.wikipedia.org/wiki/Richard_B._Spencer,Q16217637,"Richard Bertrand Spencer is an American neo-Nazi, antisemitic conspiracy theorist, and white supremacist who is known for his activism on behalf of the alt-right movement in 2016 and 2017",FALSE,FALSE,FALSE,TRUE,114
Richard B. Spencer,TRUE,Person,Richard B. Spencer,2020-06-30,https://www.independent.co.uk/life-style/gadgets-and-tech/news/youtube-david-duke-richard-spencer-stefan-molyneux-removed-a9593051.html,Hate/Harassment/Incitement to Violence,HH,Hate/Harassment/Incitement to Violence,FALSE,youtube,/m/0cmd7rf,https://en.wikipedia.org/wiki/Richard_B._Spencer,Q16217637,"Richard Bertrand Spencer is an American neo-Nazi, antisemitic conspiracy theorist, and white supremacist who is known for his activism on behalf of the alt-right movement in 2016 and 2017",FALSE,FALSE,FALSE,TRUE,115
Roger Stone,TRUE,Person,Roger Stone,2017-10-28,https://www.hollywoodreporter.com/news/general-news/roger-stone-banned-twitter-threatening-cnn-anchors-1052758/,Hate/Harassment/Incitement to Violence,IV,Hate/Harassment/Incitement to Violence,FALSE,twitter,/m/05r8b8,https://en.wikipedia.org/wiki/Roger_Stone,Q7358961,Roger Jason Stone is an American conservative political consultant and lobbyist,FALSE,FALSE,FALSE,FALSE,117
Roger Stone,TRUE,Person,Roger Stone,2020-07-08,https://www.theverge.com/2020/7/8/21317905/facebook-roger-stone-instagram-removed-proud-boys-far-right-manipulation,Hate/Harassment/Incitement to Violence,IV,Hate/Harassment/Incitement to Violence,FALSE,instagram,/m/05r8b8,https://en.wikipedia.org/wiki/Roger_Stone,Q7358961,Roger Jason Stone is an American conservative political consultant and lobbyist,FALSE,FALSE,FALSE,FALSE,118
Sidney Powell,TRUE,Person,Sidney Powell,2021-01-08,https://www.nbcnews.com/tech/tech-news/twitter-bans-michael-flynn-sidney-powell-qanon-account-purge-n1253550,Hate/Harassment/Incitement to Violence,IV,Hate/Harassment/Incitement to Violence,FALSE,twitter,/m/0_6b6rf,https://en.wikipedia.org/wiki/Sidney_Powell,Q101713828,"Sidney Katherine Powell is an American attorney and former federal prosecutor, best known for her promotion of conspiracy theories in attempts to overturn the 2020 United States presidential election",FALSE,FALSE,FALSE,FALSE,125
Skai Jackson,TRUE,Person,Skai Jackson,2020-06-08,https://twitter.com/skaijackson/status/1270044398462496775?lang=en,Hate/Harassment/Incitement to Violence,IV,Hate/Harassment/Incitement to Violence,FALSE,twitter,/m/0h95b3s,https://en.wikipedia.org/wiki/Skai_Jackson,Q297724,"Skai Syed Jackson is an American actress, YouTuber, and author who was included in Time's list of Most Influential Teens in 2016",FALSE,FALSE,TRUE,FALSE,126
Stefan Molyneux,TRUE,Person,Stefan Molyneux,2020-06-30,https://www.independent.co.uk/life-style/gadgets-and-tech/news/youtube-david-duke-richard-spencer-stefan-molyneux-removed-a9593051.html,Hate/Harassment/Incitement to Violence,HH,Hate/Harassment/Incitement to Violence,FALSE,youtube,/m/0fvfg6,https://en.wikipedia.org/wiki/Stefan_Molyneux,Q937697,"Stefan Basil Molyneux is an Irish-born Canadian far-right white nationalist and white supremacist podcaster, blogger, author, political commentator, and banned YouTuber, who promotes conspiracy theories, scientific racism, eugenics, and racist views",FALSE,FALSE,TRUE,TRUE,127
Stefan Molyneux,TRUE,Person,Stefan Molyneux,2020-07-08,https://emeatribune.uk/stefan-molyneux-twitter-account-has-been-suspended/,Hate/Harassment/Incitement to Violence,HH,Hate/Harassment/Incitement to Violence,FALSE,twitter,/m/0fvfg6,https://en.wikipedia.org/wiki/Stefan_Molyneux,Q937697,"Stefan Basil Molyneux is an Irish-born Canadian far-right white nationalist and white supremacist podcaster, blogger, author, political commentator, and banned YouTuber, who promotes conspiracy theories, scientific racism, eugenics, and racist views",FALSE,FALSE,TRUE,TRUE,127
Stephen K. Bannon,TRUE,Person,Stephen K. Bannon,2020-11-05,https://www.theguardian.com/us-news/2020/nov/06/steve-bannon-banned-by-twitter-for-calling-for-fauci-beheading,Hate/Harassment/Incitement to Violence,IV,Hate/Harassment/Incitement to Violence,FALSE,facebook,/m/0bqscsg,https://en.wikipedia.org/wiki/Steve_Bannon,Q16146870,"Stephen Kevin Bannon is an American media executive, political strategist, and former investment banker, who served as the White House's chief strategist in the administration of US President Donald Trump during the first seven months of Trump's term",FALSE,FALSE,FALSE,FALSE,128
Stephen K. Bannon,TRUE,Person,Stephen K. Bannon,2020-11-05,https://www.theguardian.com/us-news/2020/nov/06/steve-bannon-banned-by-twitter-for-calling-for-fauci-beheading,Hate/Harassment/Incitement to Violence,IV,Hate/Harassment/Incitement to Violence,FALSE,twitter,/m/0bqscsg,https://en.wikipedia.org/wiki/Steve_Bannon,Q16146870,"Stephen Kevin Bannon is an American media executive, political strategist, and former investment banker, who served as the White House's chief strategist in the administration of US President Donald Trump during the first seven months of Trump's term",FALSE,FALSE,FALSE,FALSE,128
TJ Kirk,TRUE,Person,TJ Kirk,2018-08-11,https://www.reddit.com/r/KotakuInAction/comments/96eupe/censorship_amazing_atheist_tj_kirk_suspended_from/,Hate/Harassment/Incitement to Violence,HH,Hate/Harassment/Incitement to Violence,TRUE,twitter,/g/11g6w1t893,https://en.wikipedia.org/wiki/TJ_Kirk,Q28968045,"Thomas James Kirk III , previously known by the pseudonym Terroja Lee Kincaid, is an American YouTube personality and podcast host",FALSE,FALSE,TRUE,FALSE,129
Talib Kweli,TRUE,Person,Talib Kweli,2020-08-05,"https://www.theguardian.com/music/2020/aug/05/rapper-talib-kweli-banned-from-twitter-after-dispute-with-woman#:~:text=The%20US%20rapper%20Talib%20Kweli,violations%20of%20the%20Twitter%20rules%20%E2%80%A6",Hate/Harassment/Incitement to Violence,IV,Hate/Harassment/Incitement to Violence,FALSE,twitter,/m/018n9d,https://en.wikipedia.org/wiki/Talib_Kweli,Q318755,Talib Kweli Greene is an American rapper from New York,FALSE,FALSE,FALSE,FALSE,130
Titania McGrath,TRUE,Person,Titania McGrath,2018-12-09,https://spectatorworld.com/topic/welcome-back-titania-mcgrath/,Hate/Harassment/Incitement to Violence,HH,Hate/Harassment/Incitement to Violence,TRUE,twitter,/g/11h0bpzq1m,https://en.wikipedia.org/wiki/Titania_McGrath,Q65081706,"Titania McGrath is a parody Twitter account created and run by Andrew Doyle, a British comedian and Spiked columnist",FALSE,FALSE,FALSE,FALSE,131
Tommy Robinson,TRUE,Person,Tommy Robinson,2018-03-28,https://www.theguardian.com/technology/2018/mar/28/tommy-robinson-permanently-banned-twitter-violating-rules-hateful-conduct,Hate/Harassment/Incitement to Violence,HH,Hate/Harassment/Incitement to Violence,FALSE,twitter,/m/0h1ht5z,https://en.wikipedia.org/wiki/Tommy_Robinson_(activist),Q2345201,"Stephen Christopher Yaxley-Lennon , better known as Tommy Robinson, is a British far-right, anti-Islam activist, and convicted criminal",FALSE,FALSE,FALSE,TRUE,133
Tommy Robinson,TRUE,Person,Tommy Robinson,2019-02-26,https://www.theguardian.com/uk-news/2019/feb/26/tommy-robinson-banned-from-facebook-and-instagram,Hate/Harassment/Incitement to Violence,HH,Hate/Harassment/Incitement to Violence,FALSE,facebook,/m/0h1ht5z,https://en.wikipedia.org/wiki/Tommy_Robinson_(activist),Q2345201,"Stephen Christopher Yaxley-Lennon , better known as Tommy Robinson, is a British far-right, anti-Islam activist, and convicted criminal",FALSE,FALSE,FALSE,TRUE,134
Tommy Robinson,TRUE,Person,Tommy Robinson,2019-02-26,https://www.theguardian.com/uk-news/2019/feb/26/tommy-robinson-banned-from-facebook-and-instagram,Hate/Harassment/Incitement to Violence,HH,Hate/Harassment/Incitement to Violence,FALSE,instagram,/m/0h1ht5z,https://en.wikipedia.org/wiki/Tommy_Robinson_(activist),Q2345201,"Stephen Christopher Yaxley-Lennon , better known as Tommy Robinson, is a British far-right, anti-Islam activist, and convicted criminal",FALSE,FALSE,FALSE,TRUE,134
Tommy Robinson,TRUE,Person,Tommy Robinson,2019-06-14,https://uk.news.yahoo.com/tommy-robinson-youtube-ban-110726419.html?guccounter=1&guce_referrer=aHR0cHM6Ly93d3cuZ29vZ2xlLmNvbS8&guce_referrer_sig=AQAAABdC2UtP7vTsPPiE9TtEAmtJEFurkGsPrx3864kzTkAqo-bb_BFQigKSDEE7ymz4s1iYrktnsWF-j6JDxdCHKtiQXOGRuVtN9paA4CvU33zw5HV9bFh4x1mvmrMgR8B4aIaH-lXSDB-Ada5rFauCuMbX6fM8gkQ4TmJyFl1NOpTk,Hate/Harassment/Incitement to Violence,HH,Hate/Harassment/Incitement to Violence,FALSE,youtube,/m/0h1ht5z,https://en.wikipedia.org/wiki/Tommy_Robinson_(activist),Q2345201,"Stephen Christopher Yaxley-Lennon , better known as Tommy Robinson, is a British far-right, anti-Islam activist, and convicted criminal",FALSE,FALSE,FALSE,TRUE,135
Tommy Robinson,TRUE,Person,Tommy Robinson,2020-08-07,http://dailycaller.com/2018/08/07/instagram-tommy-robinson-ban/,Hate/Harassment/Incitement to Violence,HH,Hate/Harassment/Incitement to Violence,TRUE,instagram,/m/0h1ht5z,https://en.wikipedia.org/wiki/Tommy_Robinson_(activist),Q2345201,"Stephen Christopher Yaxley-Lennon , better known as Tommy Robinson, is a British far-right, anti-Islam activist, and convicted criminal",FALSE,FALSE,FALSE,TRUE,136
Tyra Sanchez,TRUE,Person,Tyra Sanchez,2018-04-25,https://twitter.com/i/events/985911882438471680?lang=en,Hate/Harassment/Incitement to Violence,IV,Hate/Harassment/Incitement to Violence,FALSE,twitter,/m/0cnzvy4,https://en.wikipedia.org/wiki/Tyra_Sanchez,Q6142454,James William Ross IV is an American retired drag queen and reality television personality who performed under the stage name Tyra Sanchez,FALSE,TRUE,FALSE,FALSE,137
Charlie Kirk,TRUE,Person,Charlie Kirk,2020-10-19,https://www.independent.co.uk/news/world/americas/us-election-2020/charlie-kirk-twitter-mail-in-ballot-misinformation-turning-point-usa-trump-b1157145.html,Manipulation/Misinformation,MM,Manipulation/Misinformation,TRUE,twitter,/g/11dxr0rnh2,https://en.wikipedia.org/wiki/Charlie_Kirk_(activist),Q30121972,Charlie Kirk is an American conservative activist and radio talk show host,FALSE,TRUE,FALSE,FALSE,30
Diamond and Silk,TRUE,Person,Diamond and Silk,2020-04-08,https://www.politico.com/news/2020/04/08/diamond-silk-twitter-coronavirus-175914,Manipulation/Misinformation,MM,Manipulation/Misinformation,TRUE,twitter,/g/11cky74bnk,https://en.wikipedia.org/wiki/Diamond_and_Silk,Q22061010,"Ineitha Lynnette Hardaway and Herneitha Rochelle Hardaway Richardson, known as Diamond and Silk, are American live-stream video bloggers, political activists, celebrities, and Newsmax and FrankSpeech",FALSE,FALSE,TRUE,FALSE,37
Donald Trump Jr.,TRUE,Person,Donald Trump Jr.,2020-07-28,https://www.iol.co.za/news/world/twitter-suspends-donald-trump-jr-over-tweet-purportedly-touting-hydroxychloroquine-as-a-treatment-for-covid-19-0052f414-bdb4-49d7-bff0-d9ddb2d4b69c,Manipulation/Misinformation,MM,Manipulation/Misinformation,TRUE,twitter,/m/0dzqp5,https://en.wikipedia.org/wiki/Donald_Trump_Jr.,Q3713655,"Donald John Trump is an American political activist, businessman, author, and former television presenter",FALSE,TRUE,FALSE,FALSE,41
Jack Burkman,TRUE,Person,Jack Burkman,2020-03-19,https://www.thedailybeast.com/twitter-suspends-jacob-wohl-associate-and-conservative-huckster-jack-burkman-over-coronavirus-disinfo,Manipulation/Misinformation,MM,Manipulation/Misinformation,TRUE,twitter,/m/011smp4q,https://en.wikipedia.org/wiki/Jack_Burkman,Q25245132,Jack Burkman is an American conservative lobbyist and conspiracy theorist,FALSE,FALSE,FALSE,FALSE,55
Jacob Wohl,TRUE,Person,Jacob Wohl,2019-08-31,https://www.forbes.com/sites/rachelsandler/2020/09/01/facebook-instagram-ban-pro-trump-operative-jacob-wohl/?sh=21e46c796335,Manipulation/Misinformation,MM,Manipulation/Misinformation,FALSE,facebook,/g/11g6p4z49m,https://en.wikipedia.org/wiki/Jacob_Wohl,Q58100203,Jacob Alexander Wohl is an American far-right conspiracy theorist and fraudster,FALSE,FALSE,FALSE,TRUE,56
Jacob Wohl,TRUE,Person,Jacob Wohl,2019-08-31,https://www.forbes.com/sites/rachelsandler/2020/09/01/facebook-instagram-ban-pro-trump-operative-jacob-wohl/?sh=21e46c796335,Manipulation/Misinformation,MM,Manipulation/Misinformation,FALSE,instagram,/g/11g6p4z49m,https://en.wikipedia.org/wiki/Jacob_Wohl,Q58100203,Jacob Alexander Wohl is an American far-right conspiracy theorist and fraudster,FALSE,FALSE,FALSE,TRUE,56
Jacob Wohl,TRUE,Person,Jacob Wohl,2019-09-02,https://www.forbes.com/sites/rachelsandler/2020/09/01/facebook-instagram-ban-pro-trump-operative-jacob-wohl/?sh=21e46c796335,Manipulation/Misinformation,MM,Manipulation/Misinformation,FALSE,twitter,/g/11g6p4z49m,https://en.wikipedia.org/wiki/Jacob_Wohl,Q58100203,Jacob Alexander Wohl is an American far-right conspiracy theorist and fraudster,FALSE,FALSE,FALSE,TRUE,56
James Woods,TRUE,Person,James Woods,2018-09-23,https://thehill.com/blogs/in-the-know/in-the-know/408014-james-woods-locked-out-of-twitter-for-violating-rules,Manipulation/Misinformation,MM,Manipulation/Misinformation,TRUE,twitter,/m/016ks_,https://en.wikipedia.org/wiki/James_Woods,Q193105,James Howard Woods is an American retired actor and producer,FALSE,FALSE,FALSE,FALSE,60
Joey Salads,TRUE,Person,Joey Salads,2020-05-12,https://www.mediaite.com/online/twitter-suspends-gop-congressional-candidate-and-youtuber-joey-saladino-for-platform-manipulation/,Manipulation/Misinformation,MM,Manipulation/Misinformation,FALSE,twitter,/g/11j5snpq10,https://en.wikipedia.org/wiki/Joey_Salads,Q92181452,Joseph Peter Saladino is an American right-wing YouTube personality and prankster from New York City,FALSE,FALSE,FALSE,FALSE,67
L. Lin Wood,TRUE,Person,L. Lin Wood,2021-01-07,https://www.forbes.com/sites/jackbrewster/2021/01/07/lin-wood-lawyer-closely-tied-to-trump-permanently-banned-from-twitter-after-claiming-capitol-siege-was-staged/?sh=28b4544e1be3,Manipulation/Misinformation,MM,Manipulation/Misinformation,FALSE,twitter,/m/02w7ws5,https://en.wikipedia.org/wiki/L._Lin_Wood,Q6456545,"Lucian Lincoln ""Lin"" Wood is an American attorney",FALSE,FALSE,FALSE,FALSE,76
Marjorie Taylor Greene,TRUE,Person,Marjorie Taylor Greene,2020-09-09,https://reclaimthenet.org/marjorie-taylor-greene-locked-out-of-twitter/,Manipulation/Misinformation,MM,Manipulation/Misinformation,TRUE,twitter,/g/11fscs046n,https://en.wikipedia.org/wiki/Marjorie_Taylor_Greene,Q98380406,"Marjorie Taylor Greene , also known by her initials MTG, is an American politician, businesswoman and far-right conspiracy theorist who has served as the U",TRUE,FALSE,FALSE,TRUE,83
Marjorie Taylor Greene,TRUE,Person,Marjorie Taylor Greene,2021-01-17,https://www.nytimes.com/2021/07/19/technology/marjorie-taylor-greene-twitter.html,Manipulation/Misinformation,MM,Manipulation/Misinformation,TRUE,twitter,/g/11fscs046n,https://en.wikipedia.org/wiki/Marjorie_Taylor_Greene,Q98380406,"Marjorie Taylor Greene , also known by her initials MTG, is an American politician, businesswoman and far-right conspiracy theorist who has served as the U",TRUE,FALSE,FALSE,TRUE,84
Marjorie Taylor Greene,TRUE,Person,Marjorie Taylor Greene,2021-07-19,https://www.nytimes.com/2021/07/19/technology/marjorie-taylor-greene-twitter.html,Manipulation/Misinformation,MM,Manipulation/Misinformation,TRUE,twitter,/g/11fscs046n,https://en.wikipedia.org/wiki/Marjorie_Taylor_Greene,Q98380406,"Marjorie Taylor Greene , also known by her initials MTG, is an American politician, businesswoman and far-right conspiracy theorist who has served as the U",TRUE,FALSE,FALSE,TRUE,85
Michael J. Lindell,TRUE,Person,Michael J. Lindell,2021-01-25,https://abcnews.go.com/Business/wireStory/twitter-permanently-bans-pillow-ceo-75483929,Manipulation/Misinformation,MM,Manipulation/Misinformation,FALSE,twitter,/m/0t5wz49,https://en.wikipedia.org/wiki/Mike_Lindell,Q16194165,"Michael James Lindell , also known as the My Pillow Guy, is an American businessman, conservative political activist, and conspiracy theorist",FALSE,FALSE,FALSE,FALSE,92
Nicolás Maduro,TRUE,Person,Nicolás Maduro,2021-03-27,https://www.reuters.com/article/us-facebook-venezuela-exclusive-idUSKBN2BJ03Z,Manipulation/Misinformation,MM,Manipulation/Misinformation,TRUE,facebook,/m/0h7hb4,https://en.wikipedia.org/wiki/Nicol%C3%A1s_Maduro,Q58132,"Nicolás Maduro Moros ; born 23 November 1962) is a Venezuelan politician and president of Venezuela since 2013, with his presidency under dispute since 2019",TRUE,FALSE,FALSE,FALSE,101
Pete Evans,TRUE,Person,Pete Evans,2020-12-23,https://www.theguardian.com/australia-news/2020/dec/24/pete-evans-facebook-page-removed-for-breaching-misinformation-policy-with-covid-posts,Manipulation/Misinformation,MM,Manipulation/Misinformation,FALSE,facebook,/m/0zx05c9,https://en.wikipedia.org/wiki/Pete_Evans,Q7171949,"Peter Daryl Evans is an Australian chef, and former television presenter, who was a former judge of the competitive cooking show My Kitchen Rules",FALSE,TRUE,FALSE,FALSE,111
Pete Evans,TRUE,Person,Pete Evans,2021-02-17,https://www.bbc.com/news/world-australia-56095218,Manipulation/Misinformation,MM,Manipulation/Misinformation,FALSE,instagram,/m/0zx05c9,https://en.wikipedia.org/wiki/Pete_Evans,Q7171949,"Peter Daryl Evans is an Australian chef, and former television presenter, who was a former judge of the competitive cooking show My Kitchen Rules",FALSE,TRUE,FALSE,FALSE,112
"Robert F. Kennedy, Jr.",TRUE,Person,"Robert F. Kennedy, Jr.",2021-02-11,https://edition.cnn.com/2021/02/10/tech/robert-kennedy-jr-instagram-ban/index.html,Manipulation/Misinformation,MM,Manipulation/Misinformation,FALSE,instagram,/m/02l5km,https://en.wikipedia.org/wiki/Robert_F._Kennedy_Jr.,Q1352872,"Robert Francis Kennedy is an American environmental lawyer, author, and anti-vaccine advocate",FALSE,FALSE,FALSE,FALSE,116
Ron Watkins,TRUE,Person,Ron Watkins,2021-01-08,https://www.buzzfeednews.com/article/carolinehaskins1/twitter-banned-qanon-accounts,Manipulation/Misinformation,MM,Manipulation/Misinformation,FALSE,twitter,/g/11gdgh04fl,https://en.wikipedia.org/wiki/Ron_Watkins,Q43376578,Ronald Watkins is an American conspiracy theorist and site administrator of the imageboard website 8chan,FALSE,FALSE,FALSE,FALSE,120
Saoud Al Qahtani,TRUE,Person,Saoud Al Qahtani,2019-09-20,https://www.reuters.com/article/us-twitter-saudi-idUSKBN1W50O0,Manipulation/Misinformation,MM,Manipulation/Misinformation,FALSE,twitter,/g/11f0kx2g92,https://en.wikipedia.org/wiki/Saud_al-Qahtani,Q58010140,Saud bin Abdullah al-Qahtani is a Saudi Arabian consultant and former royal court advisor,FALSE,FALSE,FALSE,FALSE,122
Sara Duterte,TRUE,Person,Sara Duterte,2019-04-04,https://news.abs-cbn.com/news/04/04/19/sara-duterte-locked-out-of-facebook-account-davao-exec,Manipulation/Misinformation,MM,Manipulation/Misinformation,FALSE,facebook,/m/010fbk48,https://en.wikipedia.org/wiki/Sara_Duterte,Q1491004,"Sara Zimmerman Duterte-Carpio , commonly known as Inday Sara, is a Filipina lawyer, politician and the incumbent Mayor of Davao City",TRUE,FALSE,FALSE,FALSE,123
Tom Fitton,TRUE,Person,Tom Fitton,2021-01-13,https://justthenews.com/nation/technology/tom-fitton-suspended-twitter-over-something-twitter-previously-said-did-not,Manipulation/Misinformation,MM,Manipulation/Misinformation,TRUE,twitter,/m/0gc8tj,https://en.wikipedia.org/wiki/Tom_Fitton,Q7815791,Thomas Fitton is an American conservative activist and the president of Judicial Watch,FALSE,FALSE,FALSE,FALSE,132
Win Gatchalian,TRUE,Person,Win Gatchalian,2019-09-04,https://www.rappler.com/technology/social-media/sherwin-gatchalian-twitter-account-suspended-september-2019,Manipulation/Misinformation,MM,Manipulation/Misinformation,TRUE,twitter,/m/05q7hws,https://en.wikipedia.org/wiki/Win_Gatchalian,Q2606208,Sherwin Ting Gatchalian is a Filipino politician and businessman serving as a Senator since 2016,TRUE,FALSE,FALSE,FALSE,138
Ali Khamenei,TRUE,Person,Ali Khamenei,2019-04-16,https://english.alarabiya.net/media/digital/2019/04/16/Instagram-reportedly-suspends-Iranian-Supreme-Leader-s-English-Instagram-account,Other,Other,Other,FALSE,instagram,/m/0224jr,https://en.wikipedia.org/wiki/Ali_Khamenei,Q57336,"Sayyid Ali Hosseini Khamenei ; born 19 April 1939) is a Twelver Shia Marja' and the second and current supreme leader of Iran, in office since 1989",TRUE,FALSE,FALSE,FALSE,5
Armin Navabi,TRUE,Person,Armin Navabi,2021-01-14,https://caravanmagazine.in/media/facebook-blocks-atheist-republic-page-twitter-suspends-founder-on-government-directive,Other,Other,Other,FALSE,facebook,/g/11gdkr6_pf,https://en.wikipedia.org/wiki/Armin_Navabi,Q43867020,"Armin Navabi is an Iranian Canadian ex-Muslim atheist activist, author and podcaster, currently living in Vancouver, Canada",FALSE,FALSE,TRUE,FALSE,12
Austin Petersen,TRUE,Person,Austin Petersen,2017-10-29,https://www.foxnews.com/politics/republican-senate-candidate-in-missouri-says-facebook-banned-him-over-ar-15-giveaway,Other,Other,Other,TRUE,facebook,/g/11bxfh4lzz,https://en.wikipedia.org/wiki/Austin_Petersen,Q22007397,"Austin Wade Petersen is an American writer, political activist, commentator, and broadcaster",FALSE,TRUE,FALSE,FALSE,13
Candace Owens,TRUE,Person,Candace Owens,2020-05-02,https://thehill.com/blogs/blog-briefing-room/news/495814-candace-owens-twitter-account-suspended,Other,Other,Other,TRUE,twitter,/g/11f_xjg0xz,https://en.wikipedia.org/wiki/Candace_Owens,Q43302090,"Candace Amber Owens Farmer is an American conservative author, talk show host, political commentator, and activist",FALSE,TRUE,FALSE,FALSE,27
Carl Benjamin,TRUE,Person,Carl Benjamin,2017-01-27,https://www.reddit.com/r/GamerGhazi/comments/5qhzof/sargon_of_akkad_has_been_suspended_from_twitter/,Other,Other,Lewd content,TRUE,twitter,/g/11cn9k9gfh,https://en.wikipedia.org/wiki/Carl_Benjamin,Q28924867,"Carl Benjamin , also known by his online pseudonym Sargon of Akkad, is a British anti-feminist YouTuber and political commentator",FALSE,FALSE,TRUE,FALSE,28
Cory Doctorow,TRUE,Person,Cory Doctorow,2020-03-20,https://www.techdirt.com/articles/20200317/13585344119/twitter-suspended-cory-doctorow-putting-trolls-list-called-colossal-assholes.shtml,Other,Other,Other,TRUE,twitter,/m/01g6bk,https://en.wikipedia.org/wiki/Cory_Doctorow,Q110436,"Cory Efram Doctorow is a Canadian-British blogger, journalist, and science fiction author who served as co-editor of the blog Boing Boing",FALSE,TRUE,TRUE,FALSE,31
Dana Loesch,TRUE,Person,Dana Loesch,2020-10-15,https://www.foxnews.com/politics/dana-loesch-twitter-account-locked-hunter-biden,Other,Other,Sharing private information,FALSE,twitter,/m/0drwqtn,https://en.wikipedia.org/wiki/Dana_Loesch,Q3013272,Dana Lynn Loesch is an American radio and TV host,FALSE,TRUE,FALSE,FALSE,32
Freddie Gibbs,TRUE,Person,Freddie Gibbs,2020-12-21,https://www.hitc.com/en-gb/2020/12/22/freddie-gibbs-banned/,Other,Other,Other,TRUE,instagram,/m/080886b,https://en.wikipedia.org/wiki/Freddie_Gibbs,Q1246237,"Fredrick Jamel Tipton , better known by his stage name Freddie Gibbs, is an American rapper from Gary, Indiana",FALSE,FALSE,FALSE,FALSE,43
Guo Wengui,TRUE,Person,Guo Wengui,2017-10-01,https://www.nytimes.com/2017/10/01/business/facebook-china-guo-wengui.html,Other,Other,Other,TRUE,facebook,/m/0131k21j,https://en.wikipedia.org/wiki/Guo_Wengui,Q19840320,"Guo Wengui , also known under the names Guo Haoyun , Miles Guo, and Miles Kwok, is an exiled Chinese billionaire businessman who became a political activist and controls Beijing Zenith Holdings , and other assets",FALSE,FALSE,FALSE,FALSE,52
Hamza Abbasi,TRUE,Person,Hamza Abbasi,2016-07-23,https://images.dawn.com/news/1175868,Other,Other,Other,TRUE,facebook,/m/0v314zd,https://en.wikipedia.org/wiki/Hamza_Ali_Abbasi,Q15983467,Hamza Ali Abbasi is a Pakistani former film and television actor and director,FALSE,TRUE,FALSE,FALSE,54
James O'Keefe,TRUE,Person,James O'Keefe,2021-04-16,https://techcrunch.com/2021/04/15/twitter-bans-james-okeefe-of-project-veritas-over-fake-account-policy/,Other,Other,Sharing private information,FALSE,twitter,/m/07s76_k,https://en.wikipedia.org/wiki/James_O%27Keefe,Q6140497,James Edward O'Keefe III is an American right-wing to far-right political activist and provocateur,FALSE,FALSE,FALSE,TRUE,59
James Woods,TRUE,Person,James Woods,2020-03-24,https://www.newsweek.com/james-woods-twitter-feed-locked-freejameswoods-return-andrew-gillum-1494188,Other,Other,Other,TRUE,twitter,/m/016ks_,https://en.wikipedia.org/wiki/James_Woods,Q193105,James Howard Woods is an American retired actor and producer,FALSE,FALSE,FALSE,FALSE,61
Jesse Kelly,TRUE,Person,Jesse Kelly,2018-11-26,https://thehill.com/homenews/media/418186-conservative-pundit-jesse-kellys-twitter-ban-sparks-outrage-new-low,Other,Other,Other,TRUE,twitter,/m/0h3s3c4,https://en.wikipedia.org/wiki/The_Jesse_Kelly_Show,Q4742782,"The Jesse Kelly Show is a three-hour early evening syndicated conservative talk radio show hosted by Jesse Kelly, and carried by Premiere Networks, a subsidiary of iHeartMedia, In It is broadcast live 6 to 9 p",FALSE,TRUE,FALSE,FALSE,64
Jeyhun Bayramov,TRUE,Person,Jeyhun Bayramov,2020-11-05,https://www.globalvillagespace.com/twitter-temporarily-suspends-azerbaijani-fms-account/,Other,Other,Other,TRUE,twitter,/g/11gt__kk5s,https://en.wikipedia.org/wiki/Jeyhun_Bayramov,Q16366137,Jeyhun Aziz oglu Bayramov is the current Minister of Foreign Affairs of the Republic of Azerbaijan,FALSE,FALSE,FALSE,FALSE,65
Jonathan Daniel Brown,TRUE,Person,Jonathan Daniel Brown,2016-10-10,https://www.reddit.com/r/KotakuInAction/comments/56ugfv/twitter_bullshit_jonathan_daniel_brown_has_been/,Other,Other,Other,FALSE,twitter,/m/0g521w6,https://en.wikipedia.org/wiki/Jonathan_Daniel_Brown,Q21933732,Jonathan Daniel Brown is an American actor and director,FALSE,FALSE,FALSE,FALSE,68
Kanye West,TRUE,Person,Kanye West,2020-09-17,https://www.billboard.com/articles/news/9450988/kanye-west-twitter-blocked-policy-violation,Other,Other,Sharing private information,TRUE,twitter,/m/02l840,https://en.wikipedia.org/wiki/Kanye_West,Q15935,"Ye , commonly known by his former name Kanye West , is an American rapper, record producer, and fashion designer",FALSE,FALSE,FALSE,FALSE,70
Kayleigh McEnany,TRUE,Person,Kayleigh McEnany,2020-10-15,https://www.independent.co.uk/news/world/americas/us-election-2020/twitter-blocks-hunter-biden-kayleigh-mcenany-white-house-b1041413.html,Other,Other,Other,FALSE,twitter,/m/0k2l4q1,https://en.wikipedia.org/wiki/Kayleigh_McEnany,Q27733823,Kayleigh McEnany is an American conservative political commentator and author who served as the 33rd White House press secretary for the Trump administration from April 2020 to January 2021,FALSE,FALSE,FALSE,FALSE,73
Khadim Hussain Rizvi,TRUE,Person,Khadim Hussain Rizvi,2018-11-04,https://www.dawn.com/news/1443541,Other,Other,Other,FALSE,twitter,/g/11g01tj2cb,https://en.wikipedia.org/wiki/Khadim_Hussain_Rizvi,Q43438484,"Khadim Hussain Rizvi was a Pakistani Islamic scholar, author and the founder of Tehreek-e-Labbaik, a political-religious organization founded in 2015, known to protest against any change to Pakistan's blasphemy law",FALSE,FALSE,FALSE,FALSE,74
Lauren Boebert,TRUE,Person,Lauren Boebert,2021-01-13,https://eu.chieftain.com/story/news/2021/01/13/rep-lauren-boebert-temporarily-suspended-twitter/4144501001/,Other,Other,Other,TRUE,twitter,/g/11j2v06x6p,https://en.wikipedia.org/wiki/Lauren_Boebert,Q96761544,"Lauren Opal Boebert is an American politician, businesswoman, and gun-rights activist",TRUE,FALSE,FALSE,FALSE,79
Leland Sklar,TRUE,Person,Leland Sklar,2020-04-08,https://www.reddit.com/r/Bass/comments/fwwely/leland_sklar_banned_from_facebook_for_30_days/,Other,Other,Other,FALSE,facebook,/m/01w9xqp,https://en.wikipedia.org/wiki/Leland_Sklar,Q304851,Leland Bruce Sklar is an American electric bassist and session musician,FALSE,FALSE,FALSE,FALSE,80
Renee Gracie,TRUE,Person,Renee Gracie,2021-01-13,https://www.reddit.com/r/worldnews/comments/kwdsy8/racing_driver_turned_porn_star_renee_gracie/,Other,Other,Lewd content,TRUE,instagram,/g/11cs4mnwgk,https://en.wikipedia.org/wiki/Renee_Gracie,Q27443395,Renee Gracie is an Australian adult film actress and former racing driver,FALSE,FALSE,FALSE,FALSE,113
Ron Paul,TRUE,Person,Ron Paul,2021-01-11,https://www.newsweek.com/ron-paul-blocked-accessing-facebook-page-over-violating-community-standards-1560639,Other,Other,Other,FALSE,facebook,/m/016lh0,https://en.wikipedia.org/wiki/Ron_Paul,Q15257,"Ronald Ernest Paul is an American author, activist, physician, and retired politician who served as the US Representative for Texas's 22nd congressional district from 1976 to 1977 and again from 1979 to 1985, and then for texas 14th congressional district from 1997 to 2013.",TRUE,FALSE,FALSE,FALSE,119
Rose McGowan,TRUE,Person,Rose McGowan,2017-10-12,https://www.theguardian.com/technology/2017/oct/12/rose-mcgowan-twitter-suspended-ben-affleck-harvey-weinstein,Other,Other,Other,TRUE,twitter,/m/01m4yn,https://en.wikipedia.org/wiki/Rose_McGowan,Q211040,"Rósa Arianna McGowan , better known as Rose McGowan, is an American activist and former actress",FALSE,FALSE,FALSE,FALSE,121
Sherlyn Chopra,TRUE,Person,Sherlyn Chopra,2021-01-12,https://www.reddit.com/r/PoonamPandeyFanatics/comments/kvngzx/instagram_ban_sherlyn_chopra_account_for_her_boob/,Other,Other,Lewd content,FALSE,instagram,/m/05p5_gg,https://en.wikipedia.org/wiki/Sherlyn_Chopra,Q3481958,Sherlyn Chopra is an Indian actress and model who worked in Hindi films,FALSE,FALSE,FALSE,FALSE,124
Yair Netanyahu,TRUE,Person,Yair Netanyahu,2021-06-04,https://www.timesofisrael.com/yair-netanyahu-temporarily-blocked-from-social-media-for-protest-call/,Other,Other,Sharing private information,TRUE,facebook,/m/0j5wlrz,https://en.wikipedia.org/wiki/Yair_Netanyahu,Q35086816,Yair Netanyahu is the eldest son of former Israeli Prime Minister Benjamin Netanyahu,FALSE,FALSE,FALSE,FALSE,139
Yair Netanyahu,TRUE,Person,Yair Netanyahu,2021-06-04,https://www.timesofisrael.com/yair-netanyahu-temporarily-blocked-from-social-media-for-protest-call/,Other,Other,Sharing private information,TRUE,twitter,/m/0j5wlrz,https://en.wikipedia.org/wiki/Yair_Netanyahu,Q35086816,Yair Netanyahu is the eldest son of former Israeli Prime Minister Benjamin Netanyahu,FALSE,FALSE,FALSE,FALSE,139